paragraph_id,content
Rolling_in_the_Deep-Media_usage,"<font color=""blue"">Question</font>: For which film was ""Rolling In the Deep"" used in the advertising trailer?<br/><font color=""blue"">Sentence(s)</font>: ""Rolling in the Deep"" first gained attention when it was used in a trailer for the film ""I Am Number Four"" and in the film itself."
Gangnam_Style-Music_industry,"<font color=""blue"">Question</font>: How much did Psy earn from Gangnam Style?<br/><font color=""blue"">Sentence(s)</font>: Although Psy earned more than US$60,000 from music sales of ""Gangnam Style"" in South Korea alone, he and his music label YG Entertainment have raked in almost US$1 million from advertisements which appear on YouTube videos identified for using ""Gangnam Style"" in its content."
Let_It_Be-Personnel,"<font color=""blue"">Question</font>: Who has choral arrangements on ""Across the Universe"", ""I Me Mine"" and ""The Long and Winding Road""?<br/><font color=""blue"">Sentence(s)</font>: John Barham – choral arrangements on ""Across the Universe"", ""I Me Mine"" and ""The Long and Winding Road"""
Hey_Jude-Critical_reception,"<font color=""blue"">Question</font>: In what categories was ""Hey Jude"" nominated for grammy in 1969?<br/><font color=""blue"">Sentence(s)</font>: """"Hey Jude"" was nominated for the Grammy Awards of 1969 in the Record of the Year, Song of the Year, and Best Pop Performance by a Duo or Group with Vocal categories but failed to win any of them."
I_Want_to_Hold_Your_Hand-Background_and_composition,"<font color=""blue"">Question</font>: Who taught the oboe in the ""small, rather stuffy music room"" in the basement where Lennon and McCartney sat at the piano and composed 'I Want to Hold Your Hand'?<br/><font color=""blue"">Sentence(s)</font>: Margaret Asher taught the oboe in the ""small, rather stuffy music room"" in the basement where Lennon and McCartney sat at the piano and composed 'I Want to Hold Your Hand'."
Every_Breath_You_Take-Track_listing,"<font color=""blue"">Question</font>: How long is Every Breath You Take?<br/><font color=""blue"">Sentence(s)</font>:  ""Every Breath You Take"" – 4:13"
Free_Bird-Legacy,"<font color=""blue"">Question</font>: What was the origin of ""Free Bird""<br/><font color=""blue"">Sentence(s)</font>: The phenomenon began earlier in the 1970s with The Allman Brothers Band's epic ""Whipping Post"", but then took off to a much greater extent with ""Free Bird"", which was very popular by 1979."
How_to_Save_a_Life-Singles,"<font color=""blue"">Question</font>: When did Over My Head become a top 40 hit?<br/><font color=""blue"">Sentence(s)</font>: ""Over My Head (Cable Car)"" was released as the first single from the album, and it became a top 40 hit on the Modern Rock Tracks chart in late 2005."
Chasing_Cars-Music_video,"<font color=""blue"">Question</font>: Who  enters a pool of water next to him and in the end of the video, he gets out of the water, rises on his feet and looks up at the camera as it zooms out overhead?<br/><font color=""blue"">Sentence(s)</font>: Gary enters a pool of water next to him and in the end of the video, he gets out of the water, rises on his feet and looks up at the camera as it zooms out overhead.In the US music video, Lightbody is shown lying down in busy places while singing."
Viva_la_Vida-Critical_response,"<font color=""blue"">Question</font>: Which song was listed number 8 on ""Village Voice""'s Pazz and Jop list?<br/><font color=""blue"">Sentence(s)</font>: ""Viva la Vida"" was also listed at number five on ""Blender""'s 1001 Downloads: The Top 144 Songs of 2008, as well in the number eight position on ""Village Voice""'s Pazz and Jop list."
Love_the_Way_You_Lie-Recording,"<font color=""blue"">Question</font>: Where were the vocals for Eminem's ""Love the Way You Lie"" recorded?<br/><font color=""blue"">Sentence(s)</font>: Mike Strange recorded and mixed Eminem's vocals at Effigy Studios in Ferndale, Michigan."
"All_I_Want_for_Christmas_Is_You-Remixes,_Extra_Festive,_and_Superfestive_versions","<font color=""blue"">Question</font>: What year was all I want for Christmas released?<br/><font color=""blue"">Sentence(s)</font>: When the song was first released as a single in 1994, no remixes were commissioned."
Prison_Break-Filming,"<font color=""blue"">Question</font>: was the first season of prison break in hollywood?<br/><font color=""blue"">Sentence(s)</font>: The first three seasons of ""Prison Break"" were primarily filmed outside of Hollywood."
Friends-Broadcast,"<font color=""blue"">Question</font>: How much was spent on each episode of the 10th season.<br/><font color=""blue"">Sentence(s)</font>: NBC agreed to pay $10 million to Warner Bros. for the production of each tenth season episode, the highest price in television history for a 30-minute series."
"The_Big_Bang_Theory-""The_Theorists""_controversy","<font color=""blue"">Question</font>: Lorres alleged the program was plagiarized because of the use of what?<br/><font color=""blue"">Sentence(s)</font>: Through the use of his vanity cards at the end of episodes, Lorre alleged that the program had been plagiarized by a show produced and aired in Belarus."
Teen_Wolf-Plot,"<font color=""blue"">Question</font>: how old is scott howard?<br/><font color=""blue"">Sentence(s)</font>: Seventeen-year-old high school student Scott Howard is sick of being average and wishing he were special."
Breaking_Bad-Casting,"<font color=""blue"">Question</font>: ""Breaking Bad"" creator Vince Gilligan cast Bryan Cranston for the role of Walter White based on having worked with him in an episode of what previous television series?<br/><font color=""blue"">Sentence(s)</font>: ""Breaking Bad"" creator Vince Gilligan cast Bryan Cranston for the role of Walter White based on having worked with him in an episode of the science fiction television series ""The X-Files"", on which Gilligan worked as a writer."
The_Vampire_Diaries-Awards_and_accolades,"<font color=""blue"">Question</font>: In which category did the television show ""The Vampire Diaries"" win a Saturn award for?<br/><font color=""blue"">Sentence(s)</font>: It was also nominated for a Saturn Award for Best Network TV Series."
Doctor_Who-Charity_episodes,"<font color=""blue"">Question</font>: What year was ""The Five Doctors"" produced?<br/><font color=""blue"">Sentence(s)</font>: In 1983, coinciding with the series' 20th anniversary, a charity special titled ""The Five Doctors"" was produced in aid of Children in Need, featuring three of the first five Doctors, a new actor to replace the deceased William Hartnell, and unused footage to represent Tom Baker."
Parks_and_Recreation-Season_5,"<font color=""blue"">Question</font>: What was Leslie's answer to Ben's proposal?<br/><font color=""blue"">Sentence(s)</font>: Jennifer offers Ben a job on another campaign in Florida, much to Leslie's displeasure, but Ben turns it down and returns to Pawnee, surprising Leslie by proposing to her.</br>She happily says yes."
Gossip_Girl-Casting,"<font color=""blue"">Question</font>: Who portrays the character Georgina Sparks?<br/><font color=""blue"">Sentence(s)</font>: Michelle Trachtenberg signed on to portray Georgina Sparks."
Gilmore_Girls-Rory's_friends,"<font color=""blue"">Question</font>: when did doyle date paris?<br/><font color=""blue"">Sentence(s)</font>: He and Paris start dating in Season 5, after Paris's relationship with a much older Professor Asher Fleming (Michael York) ends with Fleming's sudden death."
The_Good_Wife-Season_4,"<font color=""blue"">Question</font>: Why was the character Cary on The Good Wife angry at the Lockhart & Gardner firm?<br/><font color=""blue"">Sentence(s)</font>: Trying to gain money, the firm offers partnership to some associates, because they need their initial payment.</br>When the debt is cleared, only Alicia is made partner and the other offers are delayed.</br>Feeling angry, Cary teams up with the other four-years to start a new firm."
Family_Guy-Origins,"<font color=""blue"">Question</font>: What two sitcoms did Seth MacFarlane draw inspiration from for Family Guy?<br/><font color=""blue"">Sentence(s)</font>: MacFarlane drew inspiration from several sitcoms such as ""The Simpsons"" and ""All in the Family""."
South_Park-Abstract,"<font color=""blue"">Question</font>: Who created South Park?<br/><font color=""blue"">Sentence(s)</font>: South Park is an American adult animated sitcom created by Trey Parker and Matt Stone for the Comedy Central television network."
Stone_Mountain-Geology,"<font color=""blue"">Question</font>: Stone Mountain at it's longest point continues into which county?<br/><font color=""blue"">Sentence(s)</font>: Stone Mountain pluton continues underground at its longest point into Gwinnett County."
Niagara_Falls-American_side,"<font color=""blue"">Question</font>: What type of building did the Seneca Indian Tribe open in Niagara Falls?<br/><font color=""blue"">Sentence(s)</font>: A casino and luxury hotel was opened in Niagara Falls, New York, by the Seneca Indian tribe."
Leaning_Tower_of_Pisa-Construction,"<font color=""blue"">Question</font>: How many years did it take to to construct the Leaning Tower of Pisa?<br/><font color=""blue"">Sentence(s)</font>: Construction of the tower occurred in three stages across 199 years."
Eiffel_Tower-Communications,"<font color=""blue"">Question</font>: when has the eiffel tower first been used for radio transmission<br/><font color=""blue"">Sentence(s)</font>: The tower has been used for radio transmission since the beginning of the 20th century."
Machu_Picchu-Layout,"<font color=""blue"">Question</font>: What section of the city was probably residential?<br/><font color=""blue"">Sentence(s)</font>: The eastern section of the city was probably residential."
Disneyland-Opening_day,"<font color=""blue"">Question</font>: When was Disneyland dedicated at an ""International Press Preview""?<br/><font color=""blue"">Sentence(s)</font>: Disneyland was dedicated at an ""International Press Preview"" event held on Sunday, July 17, 1955, which was only open to invited guests and the media."
Great_Wall_of_China-Abstract,"<font color=""blue"">Question</font>: What is the Great Wall of China made of?<br/><font color=""blue"">Sentence(s)</font>: The Great Wall of China is a series of fortifications made of stone, brick, tamped earth, wood, and other materials, generally built along an east-to-west line across the historical northern borders of China in part to protect the Chinese Empire or its prototypical states against intrusions by various nomadic groups or military incursions by various warlike peoples or forces."
Victoria_Falls-Tourism_in_recent_years,"<font color=""blue"">Question</font>: Where is the Devil's Pool located?<br/><font color=""blue"">Sentence(s)</font>: A famous feature is the naturally formed Devil's Pool, near the edge of the falls on Livingstone Island on the Zambian side."
Yellowstone_National_Park-Flora,"<font color=""blue"">Question</font>: How many species of trees and other vascular plants are in Yellowstone National Park?<br/><font color=""blue"">Sentence(s)</font>: Over 1,700 species of trees and other vascular plants are native to the park."
Yosemite_National_Park-U.S._National_Park_Service,"<font color=""blue"">Question</font>: when was the national park service formed?<br/><font color=""blue"">Sentence(s)</font>: The National Park Service was formed in 1916, and Yosemite was transferred to that agency's jurisdiction."
Grand_Canyon-Activities,"<font color=""blue"">Question</font>: How long is the Grand Canyon Ultra Marathon?<br/><font color=""blue"">Sentence(s)</font>: The Grand Canyon Ultra Marathon is a race over 24 hours."
Mount_Rushmore-Ecology,"<font color=""blue"">Question</font>: What are the two streams in the Mount Rushmore Memorial?<br/><font color=""blue"">Sentence(s)</font>: Grizzly Bear Brook and Starling Basin Brook, the two streams in the memorial, support fish such as the longnose dace and the brook trout."
Statue_of_Liberty-Early_National_Park_Service_years_(1933–1982),"<font color=""blue"">Question</font>: When did the NPS gained jurisdiction over the rest of Bedloe's Island?<br/><font color=""blue"">Sentence(s)</font>: In 1937, the NPS gained jurisdiction over the rest of Bedloe's Island."
SeaWorld-SeaWorld_San_Diego,"<font color=""blue"">Question</font>: When did the first SeaWorld open?<br/><font color=""blue"">Sentence(s)</font>: Locations.SeaWorld San Diego.SeaWorld San Diego, the first SeaWorld park, opened on March 21, 1964."
Hersheypark-Regional_competition,"<font color=""blue"">Question</font>: Where is DelGrosso's Amusement Park located?<br/><font color=""blue"">Sentence(s)</font>: DelGrosso's Amusement Park, located in Tipton, Pennsylvania"
Six_Flags-Abstract,"<font color=""blue"">Question</font>: how many guests did Six Flags host in 2009?<br/><font color=""blue"">Sentence(s)</font>: In 2009, Six Flags properties hosted 23.9 million guests.The company was founded in Texas and took its name from its first property, Six Flags Over Texas."
Stonehenge-Setting_and_access,"<font color=""blue"">Question</font>: In what year were the stones at Stonehenge roped off?<br/><font color=""blue"">Sentence(s)</font>: When Stonehenge was first opened to the public it was possible to walk among and even climb on the stones, but the stones were roped off in 1977 as a result of serious erosion."
Colosseum-Arena_and_hypogeum,"<font color=""blue"">Question</font>: What are the measurements of the Colosseum?<br/><font color=""blue"">Sentence(s)</font>: The arena itself was 83 meters by 48 meters (272 ft by 157 ft / 280 by 163 Roman feet)."
Mona_Lisa-Title_and_subject,"<font color=""blue"">Question</font>: How is the title spelled in modern Italian?<br/><font color=""blue"">Sentence(s)</font>: The title of the painting, though traditionally spelled ""Mona"" (as used by Vasari), is also commonly spelled in modern Italian as ""Monna Lisa"", but this is rare in English.Vasari's account of the ""Mona Lisa"" comes from his biography of Leonardo published in 1550, 31 years after the artist's death, and which has long been the best known source of information on the provenance of the work and identity of the sitter."
Vincent_van_Gogh-Flowering_Orchards,"<font color=""blue"">Question</font>: what else was the flowering orchards called?<br/><font color=""blue"">Sentence(s)</font>: The series of ""Flowering Orchards"", sometimes referred to as the ""Orchards in Blossom"" paintings, were among the first groups of work that Van Gogh completed after his arrival in Arles, Provence in February 1888."
Great_Sphinx_of_Giza-Modern_dissenting_hypotheses,"<font color=""blue"">Question</font>: According to Dobrev, whose image is the Sphinx based off of?<br/><font color=""blue"">Sentence(s)</font>: Dobrev suggests that Djedefre built the Sphinx in the image of his father Khufu, identifying him with the sun god Ra in order to restore respect for their dynasty."
The_Starry_Night-Interpretations,"<font color=""blue"">Question</font>: Name a written source that is suggested to have inspired van Gogh in this work?<br/><font color=""blue"">Sentence(s)</font>: The ""literal"" includes both ""he painted what he saw"" and the ""hallucinatory genius"" arguments (as an individual's hallucinations are indistinguishable from real life) while the ""literary"" suggest that inspiration blossomed from some written source; most often cited for van Gogh's ""Starry Night"" are The Bible, Walt Whitman and Victor Hugo.Legendary 20th century art historian Albert Boime is generally credited with the best ""literal"" theory by proving, in conjunction with three Astronomer colleagues at UCLA the position of the stars from van Gogh's window in the asylum at Saint-Rémy-de-Provence at 4 a.m. on June 19, 1889, the day van Gogh wrote his brother that he had completed the painting."
The_Scream-Thefts,"<font color=""blue"">Question</font>: Who left a note stating ""Thanks for the poor security""?<br/><font color=""blue"">Sentence(s)</font>: On 12 February 1994, the same day as the opening of the 1994 Winter Olympics in Lillehammer, two men broke into the National Gallery, Oslo, and stole its version of ""The Scream"", leaving a note reading ""Thanks for the poor security""."
Last_Supper-Artistic_depictions,"<font color=""blue"">Question</font>: what religion is the last supper associated with?<br/><font color=""blue"">Sentence(s)</font>: The Last Supper has been a popular subject in Christian art."
Dora_Maar_au_Chat-Descriptions_of_painting,"<font color=""blue"">Question</font>: When were Picassos best works made?<br/><font color=""blue"">Sentence(s)</font>: Among the best of them are the oils completed during the late 1930s and early 1940s, when Picasso’s art resonated with the drama and emotional upheaval of the era and which Dora came to personify."
Pablo_Picasso-Style_and_technique,"<font color=""blue"">Question</font>: how many artworks has he made<br/><font color=""blue"">Sentence(s)</font>: The total number of artworks he produced has been estimated at 50,000, comprising 1,885 paintings; 1,228 sculptures; 2,880 ceramics, roughly 12,000 drawings, many thousands of prints, and numerous tapestries and rugs."
"Michelangelo-Florence,_1499-1505","<font color=""blue"">Question</font>: When did Michelangelo return to Florence?<br/><font color=""blue"">Sentence(s)</font>: Michelangelo returned to Florence in 1499."
Leonardo_da_Vinci-Paintings_of_the_1500s,"<font color=""blue"">Question</font>: In what century was the Mona Lisa created?<br/><font color=""blue"">Sentence(s)</font>: Among the works created by Leonardo in the 16th century is the small portrait known as the ""Mona Lisa"" or ""la Gioconda"", the laughing one."
Donatello-Major_commissions_in_Florence,"<font color=""blue"">Question</font>: Who commissioned David from Donatello?<br/><font color=""blue"">Sentence(s)</font>: Around 1430, Cosimo de' Medici, the foremost art patron of his era, commissioned from Donatello the bronze David (now in the Bargello) for the court of his Palazzo Medici."
Henry_Moore-Beginnings_as_a_sculptor,"<font color=""blue"">Question</font>: In what year did Moore win a scholarship to study at the Royal College of Art in London?<br/><font color=""blue"">Sentence(s)</font>: In 1921, Moore won a scholarship to study at the Royal College of Art in London, along with Hepworth and other Yorkshire contemporaries."
Andy_Warhol-Collections,"<font color=""blue"">Question</font>: What year did a girl snatch Warhol's wig off?<br/><font color=""blue"">Sentence(s)</font>: In 1985 a girl snatched Warhol's wig off his head."
Salvador_Dalí-Literary_works,"<font color=""blue"">Question</font>: When was ""Hidden Faces"" published?<br/><font color=""blue"">Sentence(s)</font>: In his literary production ""Hidden Faces"" (1944), Dalí describes, in vividly visual terms, the intrigues and love affairs of a group of dazzling, eccentric aristocrats who, with their luxurious and extravagant lifestyle, symbolize the decadence of the 1930s."
Jackson_Pollock-At_auction,"<font color=""blue"">Question</font>: How much did Jackson Pollock's piece ""Blue Poles: Number 11, 1952"" sell for at auction in 1973?<br/><font color=""blue"">Sentence(s)</font>: Art market.At auction.In 1973, Blue Poles ""(Blue Poles: Number 11, 1952),"" was purchased by the Australian Whitlam Government for the National Gallery of Australia for US $2 million (A$1.3 million at the time of payment)."
Henri_Matisse-The_war_years,"<font color=""blue"">Question</font>: when did he separate from his wife?<br/><font color=""blue"">Sentence(s)</font>: He and his wife of 41 years separated in 1939."
Association_football-Pitch,"<font color=""blue"">Question</font>: How long are fields for non-international matches?<br/><font color=""blue"">Sentence(s)</font>: Fields for non-international matches may be 90–120 m (100–130 yd) length and 45–90 m (50–100 yd) in width, provided that the pitch does not become square."
Football-Cambridge_rules,"<font color=""blue"">Question</font>: Where are the revised rules located?<br/><font color=""blue"">Sentence(s)</font>: No copy of these rules now exists, but a revised version from circa 1856 is held in the library of Shrewsbury School."
Baseball-Batting_and_baserunning_tactics,"<font color=""blue"">Question</font>: What is a squeeze play?<br/><font color=""blue"">Sentence(s)</font>: A sacrifice bunt employed with a runner on third base, aimed at bringing that runner home, is known as a squeeze play."
Basketball-Fouls,"<font color=""blue"">Question</font>: How many shots does a player receive if fouled when attempting a regular two-point shot?<br/><font color=""blue"">Sentence(s)</font>: A player fouled while attempting a regular two-point shot, then, receives two shots."
Tennis-Premier_events,"<font color=""blue"">Question</font>: When were the Premier Events introduced into Tennis?<br/><font color=""blue"">Sentence(s)</font>: The Premier events were introduced in 2009 replacing the previous Tier I and II tournament categories."
Human_swimming-Sport,"<font color=""blue"">Question</font>: What is the common length (in yards) of a pool used for competitive swimming in the USA?<br/><font color=""blue"">Sentence(s)</font>: In the United States of America, USA Swimming is the governing body and a pool 25 yards in length is commonly used for competition."
Volleyball-Origin_of_volleyball,"<font color=""blue"">Question</font>: Where was basketball invented?<br/><font color=""blue"">Sentence(s)</font>: Another indoor sport, basketball, was catching on in the area, having been invented just ten miles (sixteen kilometers) away in the city of Springfield, Massachusetts, only four years before."
Golf-Rules_and_regulations,"<font color=""blue"">Question</font>: USGA stands for what?<br/><font color=""blue"">Sentence(s)</font>: The rules of golf are internationally standardised and are jointly governed by The R&A, spun off in 2004 from The Royal and Ancient Golf Club of St Andrews (founded 1754), and the United States Golf Association (USGA).The underlying principle of the rules is fairness."
Badminton-Doubles,"<font color=""blue"">Question</font>: When are flick serves used?<br/><font color=""blue"">Sentence(s)</font>: Flick serves are used to prevent the opponent from anticipating the low serve and attacking it decisively.At high levels of play, doubles rallies are extremely fast."
Snowboarding-Jibbing,"<font color=""blue"">Question</font>: What is jibbing?<br/><font color=""blue"">Sentence(s)</font>: Jibbing is a freestyle snowboarding technique of riding."
Fencing-Universities_and_schools,"<font color=""blue"">Question</font>: how long has fencing been around?<br/><font color=""blue"">Sentence(s)</font>: Fencing has a long history with universities and schools for at least 500 years."
Archery-A_modern_sport,"<font color=""blue"">Question</font>: What year saw the first attempts at turning the recreation into a modern sport?<br/><font color=""blue"">Sentence(s)</font>: The 1840s saw the first attempts at turning the recreation into a modern sport."
Wrestling-History,"<font color=""blue"">Question</font>: what is one of the oldest forms of combat<br/><font color=""blue"">Sentence(s)</font>: Wrestling represents one of the oldest forms of combat."
Boxing-Swarmer/in-fighter,"<font color=""blue"">Question</font>: What was Mike Tyson notoriously known for?<br/><font color=""blue"">Sentence(s)</font>: Some in-fighters, like Mike Tyson, have been known for being notoriously hard to hit."
Marathon-Marathon_races,"<font color=""blue"">Question</font>: In what city does the world's oldest annual marathon take place?<br/><font color=""blue"">Sentence(s)</font>: The Boston Marathon is the world's oldest annual marathon, inspired by the success of the 1896 Olympic marathon and held since 1897."
Taekwondo-World_Taekwondo_Federation,"<font color=""blue"">Question</font>: What techniques are allowed in tae kwon do<br/><font color=""blue"">Sentence(s)</font>: The only techniques allowed are kicks (delivering a strike using an area of the foot below the ankle) and punches (delivering a strike using the closed fist)."
Judo-Rank_and_grading,"<font color=""blue"">Question</font>: What is Judo?<br/><font color=""blue"">Sentence(s)</font>: Judo is a hierarchical art, where seniority of judoka is designated by what is known as the - ranking system."
Table_tennis-Ball,"<font color=""blue"">Question</font>: After which Olympic year was the 40mm ball introduced?<br/><font color=""blue"">Sentence(s)</font>: The 40 mm ball was introduced after the 2000 Olympic Games."
United_States-Religion,"<font color=""blue"">Question</font>: Which state is primarily Morman?<br/><font color=""blue"">Sentence(s)</font>: Utah is the only state where Mormonism is the religion of the majority of the population."
China-Cuisine,"<font color=""blue"">Question</font>: What is the staple food of china?<br/><font color=""blue"">Sentence(s)</font>: China's staple food is rice."
Russia-Demographics,"<font color=""blue"">Question</font>: what percentage of russian pop. belongs to european groups<br/><font color=""blue"">Sentence(s)</font>: According to the Census, 84.93% of the Russian population belongs to European ethnic groups (Slavic, Germanic, Finnic other than Ugric, Greek, and others)."
England-Education,"<font color=""blue"">Question</font>: what age are under the Department of Education in England?<br/><font color=""blue"">Sentence(s)</font>: The Department for Education is the government department responsible for issues affecting people in England up to the age of 19, including education."
France-Music,"<font color=""blue"">Question</font>: when was frances musical golden age<br/><font color=""blue"">Sentence(s)</font>: It experienced a golden age in the 17th century thanks to Louis XIV, who employed several musicians and composers in the royal court."
South_Korea-Education,"<font color=""blue"">Question</font>: what are school outfits for south koreans<br/><font color=""blue"">Sentence(s)</font>: The schedules are not uniformly standardized and vary from school to school.Most South Korean middle schools and high schools have school uniforms, modeled on western-style uniforms."
Japan-Environment,"<font color=""blue"">Question</font>: What effect did the oil crisis of 1973 have on Japan?<br/><font color=""blue"">Sentence(s)</font>: The oil crisis in 1973 also encouraged the efficient use of energy because of Japan's lack of natural resources."
India-Performing_arts,"<font color=""blue"">Question</font>: Which dance form of Uttar Pradesh has been accorded classical dance status by India's National Academy of Music, Dance, and Drama?<br/><font color=""blue"">Sentence(s)</font>: Eight dance forms, many with narrative forms and mythological elements, have been accorded classical dance status by India's National Academy of Music, Dance, and Drama.</br>These are: ""bharatanatyam"" of the state of Tamil Nadu, ""kathak"" of Uttar Pradesh, ""kathakali"" and ""mohiniyattam"" of Kerala,"" kuchipudi"" of Andhra Pradesh, ""manipuri"" of Manipur, ""odissi"" of Odisha, and the ""sattriya"" of Assam."
Indonesia-Biota_and_environment,"<font color=""blue"">Question</font>: What country has the world's highest leve of biodiversity?<br/><font color=""blue"">Sentence(s)</font>: Indonesia's size, tropical climate, and archipelagic geography, support the world's second highest level of biodiversity (after Brazil), and its flora and fauna is a mixture of Asian and Australasian species."
Brazil-Military,"<font color=""blue"">Question</font>: When was the last time Brazil was invaded?<br/><font color=""blue"">Sentence(s)</font>: The Air Force has about 700 manned aircraft in service.Brazil has not been invaded since 1865 during the Paraguayan War."
Pakistan-Administrative_divisions,"<font color=""blue"">Question</font>: Where does the Pakistani Government excercise ""de facto"" jurisdiction.<br/><font color=""blue"">Sentence(s)</font>: The government of Pakistan exercises ""de facto"" jurisdiction over the western parts of the disputed Kashmir region, organised into the separate political entities Azad Kashmir and Gilgit–Baltistan (formerly Northern Areas)."
Nigeria-Crime,"<font color=""blue"">Question</font>: How much was stolen from Nigeria's treasury between 1960-1999?<br/><font color=""blue"">Sentence(s)</font>: More than $400 billion was stolen from the treasury by Nigeria's leaders between 1960 and 1999."
Mexico-Tourism,"<font color=""blue"">Question</font>: What is Bahía de La Concepción known for?<br/><font color=""blue"">Sentence(s)</font>: Further north along the Sea of Cortés is the Bahía de La Concepción, another beach town known for its sports fishing."
Vietnam-Etymology,"<font color=""blue"">Question</font>: what dynasty can the name vietnam be traced back to?<br/><font color=""blue"">Sentence(s)</font>: The name ""Việt Nam"" () is a variation of ""Nam Việt"" (; literally ""Southern Việt""), a name that can be traced back to the Triệu Dynasty of the 2nd century BC."
Egypt-Museums,"<font color=""blue"">Question</font>: What year is the Grand Egyptian Museum scheduled to open?<br/><font color=""blue"">Sentence(s)</font>: Described as the largest archaeological museum in the world, the museum is scheduled to open in 2015."
Turkey-Prehistory_of_Anatolia_and_Eastern_Thrace,"<font color=""blue"">Question</font>: Where is the hypothetical center from which the Indo-European languages radiated?<br/><font color=""blue"">Sentence(s)</font>: In fact, given the antiquity of the Indo-European Hittite and Luwian languages, some scholars have proposed Anatolia as the hypothetical center from which the Indo-European languages radiated."
Germany-Politics,"<font color=""blue"">Question</font>: What is Germany's 1949 constitutional document known as?<br/><font color=""blue"">Sentence(s)</font>: The German political system operates under a framework laid out in the 1949 constitutional document known as the ""Grundgesetz"" (Basic Law)."
Thailand-Sports,"<font color=""blue"">Question</font>: Where is Muay thai native to?<br/><font color=""blue"">Sentence(s)</font>: ""Thai boxing"") is a native form of kickboxing and Thailand's national sport."
Italy-Infrastructure,"<font color=""blue"">Question</font>: How many units were in the Italiam civilian air fleet in 2005?<br/><font color=""blue"">Sentence(s)</font>: In 2005 Italy maintained a civilian air fleet of about 389,000 units and a merchant fleet of 581 ships."
Canada-Foreign_relations_and_military,"<font color=""blue"">Question</font>: What is included in the unified Canadian Forces?<br/><font color=""blue"">Sentence(s)</font>: The unified Canadian Forces (CF) comprise the Canadian Army, Royal Canadian Navy, and Royal Canadian Air Force."
Spain-Literature,"<font color=""blue"">Question</font>: When did the First World War begin?<br/><font color=""blue"">Sentence(s)</font>: By the year 1914—the year of the outbreak of the First World War and of the publication of the first major work of the generation's leading voice, José Ortega y Gasset—a number of slightly younger writers had established their own place within the Spanish cultural field."
The_Lord_of_the_Rings-Reception,"<font color=""blue"">Question</font>: what award did lord of the rings win in 2009<br/><font color=""blue"">Sentence(s)</font>: ""The Lord of the Rings"" was awarded the Prometheus Hall of Fame Award in 2009."
The_Terminator-Post-production,"<font color=""blue"">Question</font>: When was the soundtrack for 'The Terminator' released?<br/><font color=""blue"">Sentence(s)</font>: The soundtrack to the film was released in 1984."
Terminator_Salvation-Writing,"<font color=""blue"">Question</font>: What was the original title of Terminator Salvation?<br/><font color=""blue"">Sentence(s)</font>: The film's original title was ""Terminator Salvation: The Future Begins"", but this was dropped during filming.Throughout writing, the cast and crew would watch scenes from the three films to pick moments to reference or tribute, including ""Come with me if you want to live"" and ""I'll be back"", which is uttered by John in this film."
Shrek-Accolades,"<font color=""blue"">Question</font>: Where did ""Shrek"" win the Award For Best Animated Feature, beating ""Monsters, Inc.?""<br/><font color=""blue"">Sentence(s)</font>: At the 74th Academy Awards, ""Shrek"" won the first ever Academy Award For Best Animated Feature, beating ""Monsters, Inc."" and """"."
Toy_Story-Abstract,"<font color=""blue"">Question</font>: What year was Toy Story released?<br/><font color=""blue"">Sentence(s)</font>: Toy Story is a 1995 American computer-animated buddy-comedy adventure film produced by Pixar Animation Studios and directed by John Lasseter, released by Walt Disney Pictures, ""Toy Story"" was the first feature-length computer-animated film and the first film produced by Pixar."
Kung_Fu_Panda-Abstract,"<font color=""blue"">Question</font>: When was ""Kung Fu Panda 2"" released?<br/><font color=""blue"">Sentence(s)</font>: A sequel, ""Kung Fu Panda 2"", was released on May 26, 2011, along with a television series, """" later that same year as a part of a franchise."
The_Shawshank_Redemption-Home_media,"<font color=""blue"">Question</font>: how many rental video copies did shawshank ship?<br/><font color=""blue"">Sentence(s)</font>: Despite its disappointing box office return, Warner Bros. shipped 320,000 rental video copies throughout the United States, and it became one of the top rented films of 1995."
The_Godfather-Restoration,"<font color=""blue"">Question</font>: When was The Godfather: The Coppola Restoration released on DVD<br/><font color=""blue"">Sentence(s)</font>: After a restoration of the first two films, ""The Godfather: The Coppola Restoration"" was released on DVD and Blu-ray Disc on September 23, 2008 from a transfer by Robert A. Harris of Film Preserve."
Fight_Club-Cultural_impact,"<font color=""blue"">Question</font>: How did ""Total Film"" rank ""Fight Club""?<br/><font color=""blue"">Sentence(s)</font>: ""Total Film"" ranked ""Fight Club"" as ""The Greatest Film of our Lifetime"" in 2007 during the magazine's tenth anniversary."
Forrest_Gump-Feather,"<font color=""blue"">Question</font>: The feather is stored in what favorite book by Forrest?<br/><font color=""blue"">Sentence(s)</font>: ""The feather is stored in a book titled ""Curious George"", Forrest's favorite book, which his mother read to him, connecting the scene's present time with his childhood in the 1940s."
The_Matrix-Sound_effects_and_music,"<font color=""blue"">Question</font>: Who created the sound effects in the film The Matrix?<br/><font color=""blue"">Sentence(s)</font>: Dane A. Davis was responsible for creating the sound effects for the film."
The_Usual_Suspects-Origins,"<font color=""blue"">Question</font>: What was the occupation of the person who asked a question about bringing together five felons?<br/><font color=""blue"">Sentence(s)</font>: Singer then asked the question, ""What would possibly bring these five felons together in one line-up?"""
The_Lion_King-Abstract,"<font color=""blue"">Question</font>: When was the Lion King released?<br/><font color=""blue"">Sentence(s)</font>: ""The Lion King"" was released on June 15, 1994 to a positive reaction from critics, who praised the film for its music and story."
The_Dark_Knight_Rises-Reception,"<font color=""blue"">Question</font>: Have some fans threatened violence against critics?<br/><font color=""blue"">Sentence(s)</font>: Some fans had threatened violence against critics while others threatened to take down the websites of movie critics who had given the film a negative review."
Das_Boot-Criticism_by_novelist_Buchheim,"<font color=""blue"">Question</font>: When was the film review published?<br/><font color=""blue"">Sentence(s)</font>: Even though impressed by the technological accuracy of the film's set-design and port construction buildings, novelist Lothar-Günter Buchheim expressed great disappointment with Petersen's adaptation in a film review published in 1981, especially with Petersen's aesthetic vision for the film and the way the plot and the effects are, according to him, overdone and clichéd by the adaptation."
Amélie-Production,"<font color=""blue"">Question</font>: Why was Emily Watson's role in Amelie recast?<br/><font color=""blue"">Sentence(s)</font>: However, Watson's French was not strong, and when she became unavailable to shoot the film, owing to a conflict with the filming of ""Gosford Park"", Jeunet rewrote the screenplay for a French actress."
Toy_Story_3-Release,"<font color=""blue"">Question</font>: When does Toy Story 3 premiere?<br/><font color=""blue"">Sentence(s)</font>: ""Toy Story 3"" had its world-wide premiere on June 12, 2010, opening at Taormina Film Fest in Italy."
Despicable_Me-Abstract,"<font color=""blue"">Question</font>: How many Despicable Me movies are there?<br/><font color=""blue"">Sentence(s)</font>: It launched a franchise with a series of films, including a sequel in 2013, followed by a 2015 spin-off film featuring Gru's Minions as the main characters, and ""Despicable Me 3"" in 2017."
Batman_Begins-Accolades,"<font color=""blue"">Question</font>: What did Christain Bale win?<br/><font color=""blue"">Sentence(s)</font>: Christian Bale would go on to win an MTV Movie Award for Best Hero."
World_War_I-July_Crisis,"<font color=""blue"">Question</font>: On what date did Britain declare war on Germany following an ""unsatisfactory reply"" to the British ultimatum that Belgium must be kept neutral?<br/><font color=""blue"">Sentence(s)</font>: Britain declared war on Germany on 4 August 1914, following an ""unsatisfactory reply"" to the British ultimatum that Belgium must be kept neutral."
World_War_II-Axis_attack_on_the_USSR_(1941),"<font color=""blue"">Question</font>: On what date did negotiations take place to determine if the Soviet Union would join the Tripartite Pact?<br/><font color=""blue"">Sentence(s)</font>: In November 1940 negotiations took place to determine if the Soviet Union would join the Tripartite Pact."
Assassination_of_Abraham_Lincoln-Day_of_the_assassination,"<font color=""blue"">Question</font>: Who remarked that Lincoln looked cheerful the morning of his assassination?<br/><font color=""blue"">Sentence(s)</font>: Hugh McCulloch, the new Secretary of the Treasury, remarked that on that morning, ""I never saw Mr. Lincoln so cheerful and happy""."
Louisiana_Purchase-Financing,"<font color=""blue"">Question</font>: How much was America's down payment on the Louisiana Purchase?<br/><font color=""blue"">Sentence(s)</font>: The American government used $3 million in gold as a down payment, and issued bonds for the balance to pay France for the purchase."
Manhattan_Project-Ore,"<font color=""blue"">Question</font>: what was the key raw ingredient?<br/><font color=""blue"">Sentence(s)</font>: Uranium.Ore.The key raw material for the project was uranium, which was used as fuel for the reactors, as feed that was transformed into plutonium, and, in its enriched form, in the atomic bomb itself."
Vietnam_War-American_nurses,"<font color=""blue"">Question</font>: By 1973, how many women had served in  Vietnam?<br/><font color=""blue"">Sentence(s)</font>: By 1973, approximately 7,500 women had served in Vietnam in the Southeast Asian theater."
Apollo_11-Landing,"<font color=""blue"">Question</font>: Why did the Apollo landing crew decide to begin preparations for the EVA early?<br/><font color=""blue"">Sentence(s)</font>: However, they elected to forgo the sleep period and begin the preparations for the EVA early, thinking that they would be unable to sleep."
American_Revolution-Patriots,"<font color=""blue"">Question</font>: What else were Revolutionaries called?<br/><font color=""blue"">Sentence(s)</font>: At the time, revolutionaries were called ""Patriots"", ""Whigs"", ""Congress-men"", or ""Americans""."
Wright_Brothers_flights_of_1909-The_flights,"<font color=""blue"">Question</font>: What year did Wilbur die in?<br/><font color=""blue"">Sentence(s)</font>: After Wilbur's death in 1912, Orville put the canoe in Hawthorn Hill, his estate in Oakwood, Ohio, as a memento."
Protestant_Reformation-Primary_sources_in_translation,"<font color=""blue"">Question</font>: Who wrote ""The Protestant Reformation: Major Documents""?<br/><font color=""blue"">Sentence(s)</font>:  Spitz, Lewis W. ""The Protestant Reformation: Major Documents""."
Boston_Tea_Party-Abstract,"<font color=""blue"">Question</font>: What did the demonstrators disguised themselves as?<br/><font color=""blue"">Sentence(s)</font>: Disguised as American Indians, the demonstrators destroyed an entire shipment of tea, which had been sent by the East India Company, in defiance of the Tea Act of May 10, 1773."
Industrial_Revolution-Continental_Europe,"<font color=""blue"">Question</font>: Which countries governments provided state funding to new industries?<br/><font color=""blue"">Sentence(s)</font>: The German, Russian and Belgian governments all provided state funding to the new industries."
Great_Depression-Monetarist,"<font color=""blue"">Question</font>: What do Monetarists argue caused the Great Depression?<br/><font color=""blue"">Sentence(s)</font>: Monetarists, including Milton Friedman, argue that the Great Depression was mainly caused by monetary contraction, the consequence of poor policy-making by the American Federal Reserve System and continued crisis in the banking system."
Cold_War-Gorbachev_reforms,"<font color=""blue"">Question</font>: Glasnost was intended to reduce the corruption at the top of which party?<br/><font color=""blue"">Sentence(s)</font>: ""Glasnost"" was intended to reduce the corruption at the top of the Communist Party and moderate the abuse of power in the Central Committee."
The_Holocaust-Persons_of_color,"<font color=""blue"">Question</font>: What was the estimates number of black people in Germany when the Nazis came to power?<br/><font color=""blue"">Sentence(s)</font>: The number of black people in Germany when the Nazis came to power is variously estimated at 5,000–25,000."
Treaty_of_Versailles-Military_restrictions,"<font color=""blue"">Question</font>: How long was Germany forbidden to manufacture or import aircraft?<br/><font color=""blue"">Sentence(s)</font>: In conjunction, Germany was forbidden to manufacture or import aircraft or related material for a period of six months following the signing of the treaty."
Chernobyl_disaster-Debris_removal,"<font color=""blue"">Question</font>: What did a quarter million construction workers reach their lifetime limits on<br/><font color=""blue"">Sentence(s)</font>: This was the largest civil engineering task in history, involving a quarter of a million construction workers who all reached their official lifetime limits of radiation."
Korean_War-Media,"<font color=""blue"">Question</font>: Who did interviews include in the multimedia project?<br/><font color=""blue"">Sentence(s)</font>:  ""Land of the Morning Calm Canadians in Korea"" – multimedia project including veteran interviews"
Space_Race-Apollo_11,"<font color=""blue"">Question</font>: what year was the final leg of the moon race<br/><font color=""blue"">Sentence(s)</font>: 1969 saw the final leg of the Moon Race, with the United States leading it after the flight of Apollo 8."
DNA-Sense_and_antisense,"<font color=""blue"">Question</font>: Can sense and antisense sequences exist on different parts of the same strand of DNA<br/><font color=""blue"">Sentence(s)</font>: Both sense and antisense sequences can exist on different parts of the same strand of DNA (i.e."
Climate_change-Plate_tectonics,"<font color=""blue"">Question</font>: Why are the locations of the sea important?<br/><font color=""blue"">Sentence(s)</font>: The locations of the seas are important in controlling the transfer of heat and moisture across the globe, and therefore, in determining global climate."
Stem_cell-Fetal,"<font color=""blue"">Question</font>: What are fetal stem cells?<br/><font color=""blue"">Sentence(s)</font>: The primitive stem cells located in the organs of fetuses are referred to as fetal stem cells.There are two types of fetal stem cells:"
Cloning-Cloning_extinct_and_endangered_species,"<font color=""blue"">Question</font>: When did the museum announce it was stopping the project<br/><font color=""blue"">Sentence(s)</font>: However, on February 15, 2005 the museum announced that it was stopping the project after tests showed the specimens' DNA had been too badly degraded by the (ethanol) preservative."
Global_warming-Political_discussion,"<font color=""blue"">Question</font>: In what year was the Framework Convention agreed?<br/><font color=""blue"">Sentence(s)</font>: The Framework Convention was agreed in 1992, but since then, global emissions have risen."
Periodic_table-Categories,"<font color=""blue"">Question</font>: Into what three major categories can the elements be classified into?<br/><font color=""blue"">Sentence(s)</font>: The elements can be conveniently classified according to their shared physical and chemical properties into the major categories of metals, metalloids and nonmetals."
Physics-Difference_between_classical_and_modern_physics,"<font color=""blue"">Question</font>: Quantum field theory unified what two theory's?<br/><font color=""blue"">Sentence(s)</font>: Later, quantum field theory unified quantum mechanics and special relativity."
Biology-Homeostasis,"<font color=""blue"">Question</font>: what is homeostasis?<br/><font color=""blue"">Sentence(s)</font>: Homeostasis is the ability of an open system to regulate its internal environment to maintain stable conditions by means of multiple dynamic equilibrium adjustments controlled by interrelated regulation mechanisms."
Evolution-Evolution_of_life,"<font color=""blue"">Question</font>: what inhabitated the earth 3 billion years agi<br/><font color=""blue"">Sentence(s)</font>:  of life.Prokaryotes inhabited the Earth from approximately 3–4 billion years ago."
Anatomy-Vertebrate_anatomy,"<font color=""blue"">Question</font>: Nervous tissue is derived from what?<br/><font color=""blue"">Sentence(s)</font>: Nervous tissue is derived from the ectoderm, connective tissues are derived from mesoderm, and gut is derived from the endoderm."
Astrology-Effectiveness,"<font color=""blue"">Question</font>: What is the ""Mars effect""?<br/><font color=""blue"">Sentence(s)</font>: The best-known of Gauquelin's findings is based on the positions of Mars in the natal charts of successful athletes and became known as the ""Mars effect""."
Solar_System-Kuiper_belt,"<font color=""blue"">Question</font>: Are there dwarf plants in the Kuiper belt?<br/><font color=""blue"">Sentence(s)</font>: Though it is estimated to contain anything from dozens to thousands of dwarf planets, it is composed mainly of small Solar System bodies."
NASA-Project_Mercury_(1959–63),"<font color=""blue"">Question</font>: On May 5, 1961 which astronaut became the first American in space aboard ""Freedom 7"", launched by a Redstone booster on a 15-minute ballistic (suborbital) flight?<br/><font color=""blue"">Sentence(s)</font>: On May 5, 1961, astronaut Alan Shepard became the first American in space aboard ""Freedom 7"", launched by a Redstone booster on a 15-minute ballistic (suborbital) flight."
RNA-In_translation,"<font color=""blue"">Question</font>: What does mRNA carry?<br/><font color=""blue"">Sentence(s)</font>: Messenger RNA (mRNA) carries information about a protein sequence to the ribosomes, the protein synthesis factories in the cell."
Virus-Weapons,"<font color=""blue"">Question</font>: What type of virus was recreated in 1918 in laboratories?<br/><font color=""blue"">Sentence(s)</font>: Further concern was raised by the successful recreation of the infamous 1918 influenza virus in a laboratory."
Bacteria-Pathogens,"<font color=""blue"">Question</font>: what are pathogens?<br/><font color=""blue"">Sentence(s)</font>: If bacteria form a parasitic association with other organisms, they are classed as pathogens."
Yeast-Ecology,"<font color=""blue"">Question</font>: What are two yeasts that have been found living between people's toes?<br/><font color=""blue"">Sentence(s)</font>: Yeasts, including ""Candida albicans"", ""Rhodotorula rubra"", ""Torulopsis"" and ""Trichosporon cutaneum"", have been found living in between people's toes as part of their skin flora."
Microscope-Optical,"<font color=""blue"">Question</font>: What is the most common type of microscope?<br/><font color=""blue"">Sentence(s)</font>: The most common type of microscope (and the first invented) is the optical microscope."
Telescope-Gamma-ray_telescopes,"<font color=""blue"">Question</font>: What is an example of a gamma ray telescope?<br/><font color=""blue"">Sentence(s)</font>: An example of this type of telescope is the Fermi Gamma-ray Space Telescope.The detection of very high energy gamma rays, with shorter wavelength and higher frequency than regular gamma rays, requires further specialization."
Black_hole-Physical_properties,"<font color=""blue"">Question</font>: Black holes are often referred to as what after Karl Schwarzschild who discovered this solution in 1916?<br/><font color=""blue"">Sentence(s)</font>: These black holes are often referred to as Schwarzschild black holes after Karl Schwarzschild who discovered this solution in 1916."
Nebula-Notable_named_nebulae,"<font color=""blue"">Question</font>: Which of the following is a notable named nebula: a) the Ant Nebula; b) the Cricket Nebula; or c) the Goldfish Nebula<br/><font color=""blue"">Sentence(s)</font>: Ant Nebula"
Aurora-Auroral_mechanism,"<font color=""blue"">Question</font>: What color is the most common of all auroras?<br/><font color=""blue"">Sentence(s)</font>: Green is the most common of all auroras."
Taco-Traditional_tacos,"<font color=""blue"">Question</font>: How are Tacos Sudados made<br/><font color=""blue"">Sentence(s)</font>:  Tacos sudados (""sweaty tacos"") are made by filling soft tortillas with a spicy meat mixture, then placing them in a basket covered with cloth."
Hamburger-Frank_and_Charles_Menches,"<font color=""blue"">Question</font>: At which county fair did Frank and Charles Mences claim to sell the first hamburger?<br/><font color=""blue"">Sentence(s)</font>: Another claim from 1885 comes from Frank and Charles Menches who claim to have sold a ground beef sandwich at the Erie County Fair in Hamburg, New York."
French_fries-France_and_other_French-speaking_countries,"<font color=""blue"">Question</font>: When was French Fried Potatoes first used?<br/><font color=""blue"">Sentence(s)</font>: By the late 1850s, one of these uses the term ""French fried potatoes""."
Sausage-Chile,"<font color=""blue"">Question</font>: What is the most common type of sausage that could be classified as chorizo?<br/><font color=""blue"">Sentence(s)</font>: ""Longaniza"" is the most common type of sausage, or at least the most common name in Chile for sausages that also could be classified as chorizo."
Bacon-Canada,"<font color=""blue"">Question</font>: How is peameal bacon made?<br/><font color=""blue"">Sentence(s)</font>:  Peameal bacon is back bacon, brined and coated in fine cornmeal (historically, it was rolled in a meal made from ground dried peas)."
Kebab-In_Norway,"<font color=""blue"">Question</font>: Who introduced the kebob in Norway during the 1980's?<br/><font color=""blue"">Sentence(s)</font>: In Norway, the kebab was introduced by Pakistani and Turkish immigrants during the 1980s."
Ramen-Soup,"<font color=""blue"">Question</font>: What kind of flavor does miso ramen broth have?<br/><font color=""blue"">Sentence(s)</font>: Miso ramen broth tends to have a robust, tangy flavor, so it stands up to a variety of flavorful toppings: spicy bean paste or ""tōbanjan"" (豆瓣醤), butter and corn, leeks, onions, bean sprouts, ground pork, cabbage, sesame seeds, white pepper, and chopped garlic are common."
Udon-Regional_varieties,"<font color=""blue"">Question</font>: What is the broth?<br/><font color=""blue"">Sentence(s)</font>: The broth is soy sauce–based like Japanese udon."
Rice-Nutrients_and_the_nutritional_importance_of_rice,"<font color=""blue"">Question</font>: Consumption of which types of rice reduce the progression of atherosclerotic plaque development?<br/><font color=""blue"">Sentence(s)</font>: Red or black rice consumption was found to reduce or retard the progression of atherosclerotic plaque development, induced by dietary cholesterol, in mammals."
Steak-Skirt_steak,"<font color=""blue"">Question</font>: From what part of a cow is a skirt steak cut?<br/><font color=""blue"">Sentence(s)</font>: A skirt steak is a part of the plate (situated at the cow's abdomen), the steak is long, thick and tender and it is usually priced by its flavour rather than the tenderness because its flavour is better than its tenderness."
Salad-Bound_salad,"<font color=""blue"">Question</font>: What are Bound salads assembled with?<br/><font color=""blue"">Sentence(s)</font>: They are assembled with thick sauces such as mayonnaise."
Popcorn-Abstract,"<font color=""blue"">Question</font>: What's another way in which popcorn is referred to as?<br/><font color=""blue"">Sentence(s)</font>: Popcorn, also known as popping corn, is a type of corn (maize, ""Zea mays var."
Cake-Special-purpose_cakes,"<font color=""blue"">Question</font>: What is ""confarreatio""?<br/><font color=""blue"">Sentence(s)</font>: The Ancient Roman marriage ritual of ""confarreatio"" originated in the sharing of a cake.Particular types of cake may be associated with particular festivals, such as stollen or chocolate log (at Christmas), babka and simnel cake (at Easter), or mooncake."
Ice_cream-Production,"<font color=""blue"">Question</font>: What year did Frederic Tudor build his first ice cream factory?<br/><font color=""blue"">Sentence(s)</font>: He built his first ice cream factory in Seven Valleys, Pennsylvania, in 1851."
Yogurt-Strained_yogurt,"<font color=""blue"">Question</font>: what is strained yogurt strained through?<br/><font color=""blue"">Sentence(s)</font>: Strained yogurt is yogurt which has been strained through a paper or cloth filter, traditionally made of muslin., to remove the whey, giving a much thicker consistency and a distinctive, slightly tangy taste."
Cheese-World_production_and_consumption,"<font color=""blue"">Question</font>: What is the most common cheese in Iceland?<br/><font color=""blue"">Sentence(s)</font>: In Iceland, skyr is the most common cheese."
Coffee-Roasting,"<font color=""blue"">Question</font>: What state is Coffee sold in?<br/><font color=""blue"">Sentence(s)</font>: Coffee is usually sold in a roasted state, and with rare exceptions all coffee is roasted before it is consumed."
Juice-Preparation,"<font color=""blue"">Question</font>: What meal are juices most often enjoyed with?<br/><font color=""blue"">Sentence(s)</font>: Juice is one of the most popular drinks to go with breakfast in the morning.Many commercial juices are filtered to remove fiber or pulp, but high-pulp fresh orange juice is a popular beverage."